"","Brand","ProductName","ShadeColour","L","ShadeWords"
"1","Sisley-Paris","Phyto-Teint Ultra Eclat","#F5DBC2",0.86078431372549,"NATURAL"
"2","Sisley-Paris","Phyto-Teint Ultra Eclat","#DEC2AA",0.768627450980392,"HONEY"
"3","Sisley-Paris","Phyto-Teint Ultra Eclat","#EED0B8",0.827450980392157,"GOLDEN TAN"
"4","Sisley-Paris","Phyto-Teint Ultra Eclat","#E2C4A0",0.756862745098039,"PORCELAINE"
"5","Sisley-Paris","Phyto-Teint Ultra Eclat","#F4D9BE",0.850980392156863,"APRICOT"
"6","Sisley-Paris","Phyto-Teint Ultra Eclat","#EAC3A9",0.790196078431373,"MOKA"
"7","Sisley-Paris","Phyto-Teint Ultra Eclat","#DEB796",0.729411764705882,"CINNAMON"
"8","Sisley-Paris","Phyto-Teint Ultra Eclat","#ECCDB0",0.807843137254902,"TOFFEE"
"9","Sisley-Paris","Phyto-Teint Ultra Eclat","#CDA280",0.652941176470588,"CHESNUT"
"10","Sisley-Paris","Phyto-Teint Ultra Eclat","#E5C3A7",0.776470588235294,"SWAN"
"11","Sisley-Paris","Phyto-Teint Ultra Eclat","#EDD0A6",0.790196078431373,"ECRU"
"12","Sisley-Paris","Phyto-Teint Ultra Eclat","#E1C1A8",0.770588235294118,"DESERT"
"13","Sisley-Paris","Phyto-Teint Ultra Eclat","#D6B896",0.713725490196078,"HAZEL"
"14","Sisley-Paris","Phyto-Teint Ultra Eclat","#EDDBC3",0.847058823529412,"SNOW"
"15","RMS Beauty","SunCoverup Super Tint SPF 50","#E8C8B3",0.805882352941176,"ALABASTER"
"16","RMS Beauty","SunCoverup Super Tint SPF 50","#ECC4AA",0.796078431372549,"IVORY"
"17","RMS Beauty","SunCoverup Super Tint SPF 50","#EAC1A1",0.774509803921569,"CAMEO"
"18","RMS Beauty","SunCoverup Super Tint SPF 50","#E3AF7F",0.694117647058824,"BUFF"
"19","RMS Beauty","SunCoverup Super Tint SPF 50","#D99A6E",0.641176470588235,"SAND"
"20","RMS Beauty","SunCoverup Super Tint SPF 50","#DC9F73",0.656862745098039,"TAN"
"21","RMS Beauty","SunCoverup Super Tint SPF 50","#D68D56",0.588235294117647,"HONEY"
"22","RMS Beauty","SunCoverup Super Tint SPF 50","#D58A47",0.556862745098039,"TAWNY"
"23","RMS Beauty","SunCoverup Super Tint SPF 50","#CA7840",0.52156862745098,"CARAMEL"
"24","RMS Beauty","SunCoverup Super Tint SPF 50","#BC612C",0.454901960784314,"SPICE"
"25","RMS Beauty","SunCoverup Super Tint SPF 50","#A94E21",0.396078431372549,"TOFFEE"
"26","RMS Beauty","SunCoverup Super Tint SPF 50","#9F4016",0.354901960784314,"MAHOGANY"
"27","RMS Beauty","SunCoverup Super Tint SPF 50","#7D2019",0.294117647058824,"MOCHA"
"232","Chantecaille","Just Skin Tinted Moisturizer SPF 15","#FFEFE0",0.93921568627451,"AURA"
"233","Chantecaille","Just Skin Tinted Moisturizer SPF 15","#FFEED8",0.923529411764706,"ALABASTER"
"234","Chantecaille","Just Skin Tinted Moisturizer SPF 15","#FFE3CD",0.901960784313726,"BLISS"
"235","Chantecaille","Just Skin Tinted Moisturizer SPF 15","#FDDABC",0.864705882352941,"VANILLA"
"236","Chantecaille","Just Skin Tinted Moisturizer SPF 15","#FECBAC",0.835294117647059,"NUDE"
"237","Chantecaille","Just Skin Tinted Moisturizer SPF 15","#F9C498",0.786274509803922,"GLOW"
"238","Chantecaille","Just Skin Tinted Moisturizer SPF 15","#FAB991",0.774509803921569,"TAN"
"239","Chantecaille","Just Skin Tinted Moisturizer SPF 15","#EEA874",0.694117647058824,"WHEAT"
"240","Chantecaille","Just Skin Tinted Moisturizer SPF 15","#CE8A5D",0.586274509803922,"TOPAZ"
"241","Chantecaille","Just Skin Tinted Moisturizer SPF 15","#A66B43",0.456862745098039,"CHESTNUT"
"242","Chantecaille","Just Skin Tinted Moisturizer SPF 15","#8E4F26",0.352941176470588,"MAHOGANY"
"243","Chantecaille","Just Skin Tinted Moisturizer SPF 15","#FFF4F0",0.970588235294118,"OPALINE"
"306","Ilia Beauty","Skin Rewind Complexion Stick","#F3D8CD",0.87843137254902,"HINOKI"
"307","Ilia Beauty","Skin Rewind Complexion Stick","#F0D2C8",0.862745098039216,"BALSA"
"308","Ilia Beauty","Skin Rewind Complexion Stick","#F1D3BB",0.83921568627451,"SPRUCE"
"309","Ilia Beauty","Skin Rewind Complexion Stick","#E2BEA8",0.772549019607843,"HOLLY"
"310","Ilia Beauty","Skin Rewind Complexion Stick","#D7A799",0.72156862745098,"PINE"
"311","Ilia Beauty","Skin Rewind Complexion Stick","#E2B29C",0.749019607843137,"ASPEN"
"312","Ilia Beauty","Skin Rewind Complexion Stick","#DEB295",0.727450980392157,"POPLAR"
"313","Ilia Beauty","Skin Rewind Complexion Stick","#DDB293",0.72156862745098,"BAMBOO"
"314","Ilia Beauty","Skin Rewind Complexion Stick","#D0A690",0.690196078431373,"TUPELO"
"315","Ilia Beauty","Skin Rewind Complexion Stick","#DBAE8D",0.705882352941176,"ASH"
"316","Ilia Beauty","Skin Rewind Complexion Stick","#DDAF8E",0.711764705882353,"WILLOW"
"317","Ilia Beauty","Skin Rewind Complexion Stick","#DEB08C",0.709803921568627,"SYCAMORE"
"318","Ilia Beauty","Skin Rewind Complexion Stick","#DBAE84",0.688235294117647,"HICKORY"
"319","Ilia Beauty","Skin Rewind Complexion Stick","#E0A982",0.694117647058824,"MAPLE"
"320","Ilia Beauty","Skin Rewind Complexion Stick","#E1A782",0.696078431372549,"LARCH"
"321","Ilia Beauty","Skin Rewind Complexion Stick","#DFB794",0.727450980392157,"MADRONE"
"322","Ilia Beauty","Skin Rewind Complexion Stick","#D0A280",0.658823529411765,"MAGNOLIA"
"323","Ilia Beauty","Skin Rewind Complexion Stick","#D39B76",0.645098039215686,"HAWTHORN"
"324","Ilia Beauty","Skin Rewind Complexion Stick","#DB9F7B",0.670588235294118,"BEECH"
"325","Ilia Beauty","Skin Rewind Complexion Stick","#D8A182",0.67843137254902,"IROKO"
"326","Ilia Beauty","Skin Rewind Complexion Stick","#DDA278",0.668627450980392,"ABURA"
"327","Ilia Beauty","Skin Rewind Complexion Stick","#DBAA8C",0.703921568627451,"SUGI"
"328","Ilia Beauty","Skin Rewind Complexion Stick","#CE9F85",0.664705882352941,"ALDER"
"329","Ilia Beauty","Skin Rewind Complexion Stick","#CB9676",0.629411764705882,"CYPRESS"
"330","Ilia Beauty","Skin Rewind Complexion Stick","#C69074",0.615686274509804,"ELM"
"331","Ilia Beauty","Skin Rewind Complexion Stick","#C5916A",0.594117647058824,"LIMBA"
"332","Ilia Beauty","Skin Rewind Complexion Stick","#C28D6D",0.594117647058824,"YEW"
"333","Ilia Beauty","Skin Rewind Complexion Stick","#C89172",0.615686274509804,"MORA"
"334","Ilia Beauty","Skin Rewind Complexion Stick","#B38264",0.547058823529412,"BATAI"
"335","Ilia Beauty","Skin Rewind Complexion Stick","#BB7D56",0.535294117647059,"CUMARU"
"336","Ilia Beauty","Skin Rewind Complexion Stick","#B06F51",0.503921568627451,"CEDAR"
"337","Ilia Beauty","Skin Rewind Complexion Stick","#A76D47",0.466666666666667,"KAURI"
"338","Ilia Beauty","Skin Rewind Complexion Stick","#A8684C",0.47843137254902,"PALM"
"339","Ilia Beauty","Skin Rewind Complexion Stick","#975B41",0.423529411764706,"TINEO"
"340","Ilia Beauty","Skin Rewind Complexion Stick","#945F3F",0.413725490196078,"ACACIA"
"341","Ilia Beauty","Skin Rewind Complexion Stick","#824735",0.358823529411765,"PADAUK"
"342","Ilia Beauty","Skin Rewind Complexion Stick","#7D452E",0.335294117647059,"IPE"
"343","Ilia Beauty","Skin Rewind Complexion Stick","#774637",0.341176470588235,"JARRAH"
"344","Ilia Beauty","Skin Rewind Complexion Stick","#623828",0.270588235294118,"LAUREL"
"345","Ilia Beauty","Skin Rewind Complexion Stick","#532E1E",0.22156862745098,"WENDE"
"346","Ilia Beauty","Skin Rewind Complexion Stick","#492D22",0.209803921568627,"COCOBOLO"
"347","Ilia Beauty","Skin Rewind Complexion Stick","#4A2924",0.215686274509804,"EKKI"
"372","Sisley-Paris","Phyto-Teint Perfection","#F5EEE8",0.935294117647059,"SNOW"
"373","Sisley-Paris","Phyto-Teint Perfection","#F6ECE3",0.927450980392157,"SWAN"
"374","Sisley-Paris","Phyto-Teint Perfection","#F2ECE0",0.913725490196078,"PEARL"
"375","Sisley-Paris","Phyto-Teint Perfection","#F5ECDB",0.909803921568627,"SHELL"
"376","Sisley-Paris","Phyto-Teint Perfection","#F0E4D8",0.894117647058823,"VANILLA"
"377","Sisley-Paris","Phyto-Teint Perfection","#EFE6D7",0.890196078431372,"DAWN"
"378","Sisley-Paris","Phyto-Teint Perfection","#EFE8D6",0.888235294117647,"PORCELAINE"
"379","Sisley-Paris","Phyto-Teint Perfection","#F4E4D5",0.896078431372549,"PETAL"
"380","Sisley-Paris","Phyto-Teint Perfection","#EDDDCE",0.868627450980392,"IVORY"
"381","Sisley-Paris","Phyto-Teint Perfection","#ECDFCC",0.862745098039216,"ECRU"
"382","Sisley-Paris","Phyto-Teint Perfection","#E7D4C6",0.841176470588235,"SOFT BEIGE"
"383","Sisley-Paris","Phyto-Teint Perfection","#E9DAC5",0.843137254901961,"SAND"
"384","Sisley-Paris","Phyto-Teint Perfection","#E7DBC5",0.83921568627451,"DESERT"
"385","Sisley-Paris","Phyto-Teint Perfection","#E5CDB5",0.803921568627451,"NATURAL"
"386","Sisley-Paris","Phyto-Teint Perfection","#E4CEB6",0.803921568627451,"APRICOT"
"387","Sisley-Paris","Phyto-Teint Perfection","#E5D1B6",0.805882352941176,"HAZEL"
"388","Sisley-Paris","Phyto-Teint Perfection","#E4C2A6",0.772549019607843,"HONEY"
"389","Sisley-Paris","Phyto-Teint Perfection","#E4C5A6",0.772549019607843,"BISCUIT"
"390","Sisley-Paris","Phyto-Teint Perfection","#DEB587",0.7,"CINNAMON"
"391","Sisley-Paris","Phyto-Teint Perfection","#C29B7A",0.619607843137255,"GOLDEN"
"392","Sisley-Paris","Phyto-Teint Perfection","#D2B490",0.694117647058824,"PECAN"
"393","Sisley-Paris","Phyto-Teint Perfection","#D6B38B",0.692156862745098,"TOFFEE"
"394","Sisley-Paris","Phyto-Teint Perfection","#C69874",0.615686274509804,"AMBER"
"395","Sisley-Paris","Phyto-Teint Perfection","#C29B7A",0.619607843137255,"SANDALWOOD"
"396","Sisley-Paris","Phyto-Teint Perfection","#CAA070",0.615686274509804,"CHESTNUT"
"397","Sisley-Paris","Phyto-Teint Perfection","#865747",0.401960784313726,"MOKA"
"398","Sisley-Paris","Phyto-Teint Perfection","#78523B",0.350980392156863,"CARAMEL"
"399","Sisley-Paris","Phyto-Teint Perfection","#684B43",0.335294117647059,"CAPPUCCINO"
"400","Sisley-Paris","Phyto-Teint Perfection","#6C4B42",0.341176470588235,"ESPRESSO"
"401","Ilia Beauty","True Skin Serum Foundation","#E5D2C1",0.827450980392157,"MINDORO"
"402","Ilia Beauty","True Skin Serum Foundation","#DCC7B7",0.790196078431373,"SABLE"
"403","Ilia Beauty","True Skin Serum Foundation","#D5B9A7",0.745098039215686,"FORMENTERA"
"404","Ilia Beauty","True Skin Serum Foundation","#E0C09E",0.749019607843137,"MALLORCA"
"405","Ilia Beauty","True Skin Serum Foundation","#E7C5A2",0.770588235294118,"COZUMEL"
"406","Ilia Beauty","True Skin Serum Foundation","#D9B48F",0.705882352941176,"TAVARUA"
"407","Ilia Beauty","True Skin Serum Foundation","#E3C4A5",0.768627450980392,"MOLOKAI"
"408","Ilia Beauty","True Skin Serum Foundation","#C8A791",0.676470588235294,"TEXEL"
"409","Ilia Beauty","True Skin Serum Foundation","#CDA176",0.633333333333333,"CORSICA"
"410","Ilia Beauty","True Skin Serum Foundation","#D6A285",0.680392156862745,"BOWEN"
"411","Ilia Beauty","True Skin Serum Foundation","#DDB086",0.696078431372549,"KUNOY"
"412","Ilia Beauty","True Skin Serum Foundation","#C59368",0.590196078431373,"SALINA"
"413","Ilia Beauty","True Skin Serum Foundation","#BA8F72",0.588235294117647,"CHIOS"
"414","Ilia Beauty","True Skin Serum Foundation","#DAAD86",0.690196078431373,"ARAN"
"415","Ilia Beauty","True Skin Serum Foundation","#B68150",0.513725490196078,"CATALINA"
"416","Ilia Beauty","True Skin Serum Foundation","#C58B66",0.586274509803922,"MILOS"
"417","Ilia Beauty","True Skin Serum Foundation","#AF7C58",0.515686274509804,"BEDARRA"
"418","Ilia Beauty","True Skin Serum Foundation","#D39D6F",0.631372549019608,"CRES"
"419","Ilia Beauty","True Skin Serum Foundation","#AD7F66",0.53921568627451,"MARACA"
"420","Ilia Beauty","True Skin Serum Foundation","#CF9C71",0.627450980392157,"SENJA"
"421","Ilia Beauty","True Skin Serum Foundation","#9F662D",0.4,"BONAIRE"
"422","Ilia Beauty","True Skin Serum Foundation","#C6865A",0.564705882352941,"MONTSERRAT"
"423","Ilia Beauty","True Skin Serum Foundation","#B77A4D",0.509803921568627,"IONA"
"424","Ilia Beauty","True Skin Serum Foundation","#9C603B",0.42156862745098,"SARDINIA"
"425","Ilia Beauty","True Skin Serum Foundation","#88431D",0.323529411764706,"MARTINIQUE"
"426","Ilia Beauty","True Skin Serum Foundation","#804C3B",0.366666666666667,"KAPITI"
"427","Ilia Beauty","True Skin Serum Foundation","#814A36",0.358823529411765,"MACQUARIE"
"428","Ilia Beauty","True Skin Serum Foundation","#8E5538",0.388235294117647,"FLORES"
"429","Ilia Beauty","True Skin Serum Foundation","#86523C",0.380392156862745,"BIMINI"
"430","Ilia Beauty","True Skin Serum Foundation","#603A2D",0.276470588235294,"GRENADA"
"431","Ilia Beauty","Super Serum Skin Tint SPF 30","#F4DAB5",0.833333333333333,"SKYE"
"432","Ilia Beauty","Super Serum Skin Tint SPF 30","#F6E1CD",0.884313725490196,"RENDEZVOUS"
"433","Ilia Beauty","Super Serum Skin Tint SPF 30","#E7CEB5",0.807843137254902,"TULUM"
"434","Ilia Beauty","Super Serum Skin Tint SPF 30","#F2CAA0",0.788235294117647,"SOMBRIO"
"435","Ilia Beauty","Super Serum Skin Tint SPF 30","#E4C7B1",0.794117647058824,"BALOS"
"436","Ilia Beauty","Super Serum Skin Tint SPF 30","#DAB38D",0.703921568627451,"FORMOSA"
"437","Ilia Beauty","Super Serum Skin Tint SPF 30","#D2AD89",0.680392156862745,"BOM BOM"
"438","Ilia Beauty","Super Serum Skin Tint SPF 30","#E8B78A",0.725490196078431,"ORA"
"439","Ilia Beauty","Super Serum Skin Tint SPF 30","#EFB187",0.733333333333333,"KAI"
"440","Ilia Beauty","Super Serum Skin Tint SPF 30","#CDA787",0.666666666666667,"DIAZ"
"441","Ilia Beauty","Super Serum Skin Tint SPF 30","#CDA176",0.633333333333333,"SHELA"
"442","Ilia Beauty","Super Serum Skin Tint SPF 30","#C49B71",0.605882352941177,"PALOMA"
"443","Ilia Beauty","Super Serum Skin Tint SPF 30","#DFA771",0.658823529411765,"BAIKAL"
"444","Ilia Beauty","Super Serum Skin Tint SPF 30","#CA9462",0.588235294117647,"PORTO FERRO"
"445","Ilia Beauty","Super Serum Skin Tint SPF 30","#B3865D",0.533333333333333,"MATIRA"
"446","Ilia Beauty","Super Serum Skin Tint SPF 30","#CF935E",0.590196078431373,"MORGAT"
"447","Ilia Beauty","Super Serum Skin Tint SPF 30","#AD7D58",0.511764705882353,"KOKKINI"
"448","Ilia Beauty","Super Serum Skin Tint SPF 30","#D08754",0.572549019607843,"RAMALA BAY"
"449","Ilia Beauty","Super Serum Skin Tint SPF 30","#C7895B",0.568627450980392,"PAPAKOLEA"
"450","Ilia Beauty","Super Serum Skin Tint SPF 30","#C68B66",0.588235294117647,"KAMARI"
"451","Ilia Beauty","Super Serum Skin Tint SPF 30","#D3814B",0.56078431372549,"RIALTO"
"452","Ilia Beauty","Super Serum Skin Tint SPF 30","#9B552B",0.388235294117647,"DOMINICA"
"453","Ilia Beauty","Super Serum Skin Tint SPF 30","#AD6C3F",0.462745098039216,"HONOPU"
"454","Ilia Beauty","Super Serum Skin Tint SPF 30","#88572F",0.358823529411765,"PORTO COVO"
"455","Ilia Beauty","Super Serum Skin Tint SPF 30","#804C3B",0.366666666666667,"PAVONES"
"456","Ilia Beauty","Super Serum Skin Tint SPF 30","#974F30",0.390196078431373,"JARDIN"
"457","Ilia Beauty","Super Serum Skin Tint SPF 30","#653A2B",0.282352941176471,"MIHO"
"458","Ilia Beauty","Super Serum Skin Tint SPF 30","#77422E",0.323529411764706,"PERISSA"
"459","Ilia Beauty","Super Serum Skin Tint SPF 30","#503629",0.237254901960784,"ROQUES"
"460","Ilia Beauty","Super Serum Skin Tint SPF 30","#583A2E",0.262745098039216,"LOVINA"
"461","LA PRAIRIE","Skin Caviar Concealer Foundation Spf 15","#CF9174",0.633333333333333,"PORCELAIN BLUSH"
"462","LA PRAIRIE","Skin Caviar Concealer Foundation Spf 15","#EBB294",0.750980392156863,"CRÈME PECHE"
"463","LA PRAIRIE","Skin Caviar Concealer Foundation Spf 15","#F7C39E",0.794117647058824,"PECHE"
"464","LA PRAIRIE","Skin Caviar Concealer Foundation Spf 15","#C88359",0.566666666666667,"HONEY BEIGE"
"465","LA PRAIRIE","Skin Caviar Concealer Foundation Spf 15","#E29D74",0.670588235294118,"GOLDEN BEIGE"
"466","LA PRAIRIE","Skin Caviar Concealer Foundation Spf 15","#A46843",0.452941176470588,"MOCHA"
"467","LA PRAIRIE","Skin Caviar Concealer Foundation Spf 15","#E5A985",0.709803921568627,"TENDER IVORY"
"468","LA PRAIRIE","Skin Caviar Concealer Foundation Spf 15","#E6AB81",0.703921568627451,"WARM LINEN"
"469","LA PRAIRIE","Skin Caviar Concealer Foundation Spf 15","#FABBAC",0.827450980392157,"PETALE"
"470","LA PRAIRIE","Skin Caviar Concealer Foundation Spf 15","#CC9177",0.633333333333333,"PURE IVORY"
"471","LA PRAIRIE","Skin Caviar Concealer Foundation Spf 15","#D7A37D",0.666666666666667,"SATIN NUDE"
"472","LA PRAIRIE","Skin Caviar Concealer Foundation Spf 15","#C27F54",0.545098039215686,"ALMOND BEIGE"
"473","LA PRAIRIE","Skin Caviar Concealer Foundation Spf 15","#DC9D7D",0.676470588235294,"SUNSET BEIGE"
"474","LA PRAIRIE","Skin Caviar Concealer Foundation Spf 15","#E6A680",0.701960784313725,"SOFT IVORY"
"475","LA PRAIRIE","Skin Caviar Concealer Foundation Spf 15","#E6A77E",0.698039215686274,"WARM BEIGE"
"476","LA PRAIRIE","Skin Caviar Concealer Foundation Spf 15","#AE825D",0.523529411764706,"WARM CINNAMON"
"477","LA PRAIRIE","Skin Caviar Concealer Foundation Spf 15","#71573E",0.343137254901961,"NUTMEG"
"478","LA PRAIRIE","Skin Caviar Concealer Foundation Spf 15","#926548",0.427450980392157,"HAZEL"
"479","LA PRAIRIE","Skin Caviar Concealer Foundation Spf 15","#64462A",0.27843137254902,"WARM CHESTNUT"
"480","LA PRAIRIE","Skin Caviar Concealer Foundation Spf 15","#C37E55",0.549019607843137,"SOLEIL BEIGE"
"481","Shiseido","Revitalessence Glow Foundation","#F5EFE3",0.925490196078431,"ALABASTER"
"482","Shiseido","Revitalessence Glow Foundation","#EFE8D6",0.888235294117647,"IVORY"
"483","Shiseido","Revitalessence Glow Foundation","#EDDDC6",0.852941176470588,"OPAL"
"484","Shiseido","Revitalessence Glow Foundation","#E9D7BF",0.831372549019608,"PORCELAIN"
"485","Shiseido","Revitalessence Glow Foundation","#DECDBB",0.801960784313726,"LACE"
"486","Shiseido","Revitalessence Glow Foundation","#E4CEB6",0.803921568627451,"BIRCH"
"487","Shiseido","Revitalessence Glow Foundation","#D7C5AF",0.764705882352941,"LINEN"
"488","Shiseido","Revitalessence Glow Foundation","#DFCAAD",0.776470588235294,"ALDER"
"489","Shiseido","Revitalessence Glow Foundation","#DFCAAF",0.780392156862745,"QUARTZ"
"490","Shiseido","Revitalessence Glow Foundation","#E9BE89",0.725490196078431,"SAND"
"491","Shiseido","Revitalessence Glow Foundation","#DDC5AB",0.768627450980392,"CASHMERE"
"492","Shiseido","Revitalessence Glow Foundation","#CDBBA5",0.725490196078431,"SILK"
"493","Shiseido","Revitalessence Glow Foundation","#D3C0A2",0.731372549019608,"BAMBOO"
"494","Shiseido","Revitalessence Glow Foundation","#E6C99F",0.762745098039216,"OAK"
"495","Shiseido","Revitalessence Glow Foundation","#D0BB9E",0.717647058823529,"MAPLE"
"496","Shiseido","Revitalessence Glow Foundation","#D4BC98",0.713725490196078,"CITRINE"
"497","Shiseido","Revitalessence Glow Foundation","#D9BE93",0.713725490196078,"BRONZE"
"498","Shiseido","Revitalessence Glow Foundation","#BB9A79",0.603921568627451,"CEDAR"
"499","Shiseido","Revitalessence Glow Foundation","#BA9278",0.6,"AMBER"
"500","Shiseido","Revitalessence Glow Foundation","#AE846C",0.552941176470588,"COPPER"
"501","Shiseido","Revitalessence Glow Foundation","#AE8B6D",0.554901960784314,"TOPAZ"
"502","Shiseido","Revitalessence Glow Foundation","#AE8B6D",0.554901960784314,"SUEDE"
"503","Shiseido","Revitalessence Glow Foundation","#A57960",0.511764705882353,"ROSEWOOD"
"504","Shiseido","Revitalessence Glow Foundation","#8D7163",0.470588235294118,"HENNA"
"505","Shiseido","Revitalessence Glow Foundation","#795B51",0.396078431372549,"MAHOGANY"
"506","Shiseido","Revitalessence Glow Foundation","#E1D1B8",0.801960784313726,"SHELL"
"507","Shiseido","Revitalessence Glow Foundation","#E6BE8D",0.727450980392157,"PINE"
"508","Shiseido","Revitalessence Glow Foundation","#D8B595",0.715686274509804,"SUNSTONE"
"509","Shiseido","Revitalessence Glow Foundation","#7E5E4F",0.401960784313726,"JASPER"
"510","Shiseido","Revitalessence Glow Foundation","#704E44",0.352941176470588,"OBSIDIAN"
"584","Hourglass","Vanish Seamless Finish Liquid Foundation","#BB8557",0.537254901960784,"HONEY"
"585","Hourglass","Vanish Seamless Finish Liquid Foundation","#684017",0.249019607843137,"GOLDEN NATURAL"
"586","Hourglass","Vanish Seamless Finish Liquid Foundation","#C37535",0.486274509803922,"NATURAL AMBER"
"587","Hourglass","Vanish Seamless Finish Liquid Foundation","#B8834D",0.511764705882353,"WARM HONEY"
"588","Hourglass","Vanish Seamless Finish Liquid Foundation","#A25D2F",0.409803921568627,"SABLE"
"589","Hourglass","Vanish Seamless Finish Liquid Foundation","#A86133",0.429411764705882,"WARM ALMOND"
"590","Hourglass","Vanish Seamless Finish Liquid Foundation","#9B5524",0.374509803921569,"ALMOND"
"591","Hourglass","Vanish Seamless Finish Liquid Foundation","#A36732",0.417647058823529,"GOLDEN AMBER"
"592","Hourglass","Vanish Seamless Finish Liquid Foundation","#A25B2F",0.409803921568627,"GOLDEN ALMOND"
"593","Hourglass","Vanish Seamless Finish Liquid Foundation","#A05329",0.394117647058824,"WALNUT"
"594","Hourglass","Vanish Seamless Finish Liquid Foundation","#5C3A26",0.254901960784314,"ESPRESSO"
"595","Hourglass","Vanish Seamless Finish Liquid Foundation","#834528",0.335294117647059,"CHESTNUT"
"596","Hourglass","Vanish Seamless Finish Liquid Foundation","#B57B3C",0.472549019607843,"AMBER"
"597","Hourglass","Vanish Seamless Finish Liquid Foundation","#CE9963",0.598039215686274,"GOLDEN"
"598","Hourglass","Vanish Seamless Finish Liquid Foundation","#C08B59",0.550980392156863,"GOLDEN TAN"
"599","Hourglass","Vanish Seamless Finish Liquid Foundation","#F5DFD1",0.890196078431372,"BLANC"
"600","Hourglass","Vanish Seamless Finish Liquid Foundation","#AA816E",0.549019607843137,"CREAM"
"601","Laura Mercier","Real Flawless Weightless Perfecting Foundation","#FCD0B3",0.845098039215686,"OPAL"
"602","Laura Mercier","Real Flawless Weightless Perfecting Foundation","#FEDBBA",0.862745098039216,"SILK"
"603","Laura Mercier","Real Flawless Weightless Perfecting Foundation","#FFE5B0",0.845098039215686,"SATIN"
"604","Laura Mercier","Real Flawless Weightless Perfecting Foundation","#FACBA8",0.819607843137255,"COOL VANILLE"
"605","Laura Mercier","Real Flawless Weightless Perfecting Foundation","#F7C699",0.784313725490196,"CHIFFON"
"606","Laura Mercier","Real Flawless Weightless Perfecting Foundation","#FED29D",0.805882352941176,"VANILLE"
"607","Laura Mercier","Real Flawless Weightless Perfecting Foundation","#FFD79F",0.811764705882353,"CASHMERE"
"608","Laura Mercier","Real Flawless Weightless Perfecting Foundation","#F5B98B",0.752941176470588,"ECRU"
"609","Laura Mercier","Real Flawless Weightless Perfecting Foundation","#EEB78B",0.73921568627451,"SOFT SAND"
"610","Laura Mercier","Real Flawless Weightless Perfecting Foundation","#F6C493",0.770588235294118,"CASHEW"
"611","Laura Mercier","Real Flawless Weightless Perfecting Foundation","#F2BD8B",0.747058823529412,"LINEN"
"612","Laura Mercier","Real Flawless Weightless Perfecting Foundation","#F6CA99",0.782352941176471,"MACADAMIA"
"613","Laura Mercier","Real Flawless Weightless Perfecting Foundation","#FCC88C",0.768627450980392,"WARM LINEN"
"614","Laura Mercier","Real Flawless Weightless Perfecting Foundation","#F8BA89",0.754901960784314,"DUNE"
"615","Laura Mercier","Real Flawless Weightless Perfecting Foundation","#EBB485",0.72156862745098,"TOFFEE"
"616","Laura Mercier","Real Flawless Weightless Perfecting Foundation","#E8AB75",0.684313725490196,"BUFF"
"617","Laura Mercier","Real Flawless Weightless Perfecting Foundation","#E6AA74",0.67843137254902,"CAMEL"
"618","Laura Mercier","Real Flawless Weightless Perfecting Foundation","#EEB47C",0.709803921568627,"SANDSTONE"
"619","Laura Mercier","Real Flawless Weightless Perfecting Foundation","#E8B17A",0.694117647058824,"DUSK"
"620","Laura Mercier","Real Flawless Weightless Perfecting Foundation","#D29C78",0.647058823529412,"CHESTNUT"
"621","Laura Mercier","Real Flawless Weightless Perfecting Foundation","#DDA069",0.63921568627451,"GINGER"
"622","Laura Mercier","Real Flawless Weightless Perfecting Foundation","#C98B54",0.558823529411765,"TEA"
"623","Laura Mercier","Real Flawless Weightless Perfecting Foundation","#EBA766",0.66078431372549,"SUNTAN"
"624","Laura Mercier","Real Flawless Weightless Perfecting Foundation","#AA5E31",0.429411764705882,"SEPIA"
"625","Laura Mercier","Real Flawless Weightless Perfecting Foundation","#B27545",0.484313725490196,"CINNAMON"
"626","Laura Mercier","Real Flawless Weightless Perfecting Foundation","#A16432",0.413725490196078,"SIENNA"
"627","Laura Mercier","Real Flawless Weightless Perfecting Foundation","#84492F",0.350980392156863,"MINK"
"628","Laura Mercier","Real Flawless Weightless Perfecting Foundation","#7F4E30",0.343137254901961,"CLOVE"
"629","Laura Mercier","Real Flawless Weightless Perfecting Foundation","#A26027",0.394117647058824,"GANACHE"
"630","Laura Mercier","Real Flawless Weightless Perfecting Foundation","#543427",0.241176470588235,"JAVA"
"667","IT Cosmetics","CC+Nude Glow","#E8C6AA",0.788235294117647,"FAIR"
"668","IT Cosmetics","CC+Nude Glow","#EDCFB5",0.819607843137255,"FAIR IVORY"
"669","IT Cosmetics","CC+Nude Glow","#DBB8A6",0.754901960784314,"FAIR LIGHT"
"670","IT Cosmetics","CC+Nude Glow","#ECDACD",0.864705882352941,"FAIR PORCELAIN"
"671","IT Cosmetics","CC+Nude Glow","#E0BEA2",0.756862745098039,"LIGHT MEDIUM"
"672","IT Cosmetics","CC+Nude Glow","#D7BBA4",0.743137254901961,"LIGHT"
"673","IT Cosmetics","CC+Nude Glow","#D1B79F",0.72156862745098,"MEDIUM"
"674","IT Cosmetics","CC+Nude Glow","#CBAA8C",0.672549019607843,"MEDIUM TAN"
"675","IT Cosmetics","CC+Nude Glow","#C89F81",0.645098039215686,"RICH"
"676","IT Cosmetics","CC+Nude Glow","#BD9980",0.62156862745098,"TAN"
"677","IT Cosmetics","CC+Nude Glow","#FDF2E9",0.952941176470588,"FAIR BEIGE"
"678","IT Cosmetics","CC+Nude Glow","#AC8A71",0.558823529411765,"TAN RICH"
"679","IT Cosmetics","CC+Nude Glow","#A48067",0.523529411764706,"RICH HONEY"
"680","IT Cosmetics","CC+Nude Glow","#875B42",0.394117647058824,"DEEP HONEY"
"681","IT Cosmetics","CC+Nude Glow","#724E3A",0.337254901960784,"DEEP BRONZE"
"682","IT Cosmetics","CC+Nude Glow","#6A442D",0.296078431372549,"NEUTRAL DEEP"
"683","IT Cosmetics","CC+Nude Glow","#D7B391",0.705882352941176,"NEUTRAL MEDIUM"
"684","IT Cosmetics","CC+Nude Glow","#C4A38B",0.656862745098039,"NEUTRAL TAN"
"685","IT Cosmetics","CC+Nude Glow","#B69577",0.590196078431373,"TAN WARM"
"686","IT Cosmetics","CC+Nude Glow","#9C765D",0.488235294117647,"NEUTRAL RICH"
"687","IT Cosmetics","CC+Nude Glow","#96664C",0.443137254901961,"DEEP"
"688","IT Cosmetics","CC+Nude Glow","#5A4437",0.284313725490196,"DEEP MOCHA"
"689","Nars","Soft Matte Complete Foundation","#F9EED8",0.911764705882353,"SIBERIA"
"690","Nars","Soft Matte Complete Foundation","#E8D1B6",0.811764705882353,"MONT BLANC"
"691","Nars","Soft Matte Complete Foundation","#EFD3B9",0.831372549019608,"YUKON"
"692","Nars","Soft Matte Complete Foundation","#F1DDB7",0.831372549019608,"GOBI"
"693","Nars","Soft Matte Complete Foundation","#EACAA4",0.780392156862745,"SALZBURG"
"694","Nars","Soft Matte Complete Foundation","#EFD2A8",0.798039215686275,"DEAUVILLE"
"695","Nars","Soft Matte Complete Foundation","#EDCEAF",0.807843137254902,"VIENNA"
"696","Nars","Soft Matte Complete Foundation","#DEBE95",0.727450980392157,"FIJI"
"697","Nars","Soft Matte Complete Foundation","#DBB98F",0.709803921568627,"PUNJAB"
"698","Nars","Soft Matte Complete Foundation","#D7B08B",0.694117647058824,"VALLAURIS"
"699","Nars","Soft Matte Complete Foundation","#D7AD81",0.674509803921569,"SAHEL"
"700","Nars","Soft Matte Complete Foundation","#D4AE7A",0.654901960784314,"STROMBOLI"
"701","Nars","Soft Matte Complete Foundation","#CFA878",0.641176470588235,"VANUATU"
"702","Nars","Soft Matte Complete Foundation","#CDA375",0.631372549019608,"VALENCIA"
"703","Nars","Soft Matte Complete Foundation","#CBA475",0.627450980392157,"ARUBA"
"704","Nars","Soft Matte Complete Foundation","#CAA06F",0.613725490196078,"SYRACUSE"
"705","Nars","Soft Matte Complete Foundation","#C79B66",0.590196078431373,"TAHOE"
"706","Nars","Soft Matte Complete Foundation","#C09058",0.549019607843137,"MOOREA"
"707","Nars","Soft Matte Complete Foundation","#C29465",0.57843137254902,"HUAHINE"
"708","Nars","Soft Matte Complete Foundation","#BE8E5C",0.552941176470588,"CADIZ"
"709","Nars","Soft Matte Complete Foundation","#BB895A",0.543137254901961,"CARACAS"
"710","Nars","Soft Matte Complete Foundation","#AD7B50",0.496078431372549,"BELEM"
"711","Nars","Soft Matte Complete Foundation","#AF7A46",0.480392156862745,"MACAO"
"712","Nars","Soft Matte Complete Foundation","#A36F3E",0.441176470588235,"MARQUISES"
"713","Nars","Soft Matte Complete Foundation","#875935",0.368627450980392,"MANAUS"
"714","Nars","Soft Matte Complete Foundation","#946842",0.419607843137255,"NEW CALEDONIA"
"715","Nars","Soft Matte Complete Foundation","#7F5537",0.356862745098039,"IGUACU"
"716","Nars","Soft Matte Complete Foundation","#7C5134",0.345098039215686,"NAMIBIA"
"717","Nars","Soft Matte Complete Foundation","#69452F",0.298039215686275,"ZAMBIE"
"718","Nars","Soft Matte Complete Foundation","#593A23",0.243137254901961,"MALI"
"719","Nars","Soft Matte Complete Foundation","#F2DECD",0.876470588235294,"OSLO"
"720","Nars","Soft Matte Complete Foundation","#DAB897",0.723529411764706,"PATAGONIA"
"721","Nars","Soft Matte Complete Foundation","#DDB98B",0.705882352941176,"SANTA"
"722","Nars","Soft Matte Complete Foundation","#D3AC7A",0.652941176470588,"BARCELONA"
"723","Sisley-Paris","Phyto-Teint Nude","#A47559",0.496078431372549,"AMBER"
"724","Sisley-Paris","Phyto-Teint Nude","#9B7761",0.494117647058823,"SANDALWOOD"
"725","Sisley-Paris","Phyto-Teint Nude","#DDCFC4",0.817647058823529,"SNOW"
"726","Sisley-Paris","Phyto-Teint Nude","#DECDC6",0.823529411764706,"SWAN"
"727","Sisley-Paris","Phyto-Teint Nude","#D5C1B6",0.774509803921569,"PEARL"
"728","Sisley-Paris","Phyto-Teint Nude","#D5BFAA",0.750980392156863,"SHELL"
"729","Sisley-Paris","Phyto-Teint Nude","#CFADA1",0.72156862745098,"PETAL"
"730","Sisley-Paris","Phyto-Teint Nude","#CEB39E",0.713725490196078,"CREAM"
"731","Sisley-Paris","Phyto-Teint Nude","#C6AA94",0.67843137254902,"IVORY"
"732","Sisley-Paris","Phyto-Teint Nude","#C6AE94",0.67843137254902,"LIGHT BEIGE"
"733","Sisley-Paris","Phyto-Teint Nude","#BF9F90",0.656862745098039,"NATURAL"
"734","Sisley-Paris","Phyto-Teint Nude","#CAAF9C",0.701960784313725,"SOFT BEIGE"
"735","Sisley-Paris","Phyto-Teint Nude","#C5AA95",0.67843137254902,"WARM ALMOND"
"736","Sisley-Paris","Phyto-Teint Nude","#B08C76",0.576470588235294,"HONEY"
"737","Sisley-Paris","Phyto-Teint Nude","#AE8E75",0.570588235294118,"CINAMON"
"738","Sisley-Paris","Phyto-Teint Nude","#9C6E54",0.470588235294118,"GOLDEN"
"739","Sisley-Paris","Phyto-Teint Nude","#916D57",0.454901960784314,"CARAMEL"
"740","Sisley-Paris","Phyto-Teint Nude","#683F23",0.272549019607843,"CAPPUCCINO"
"741","Sisley-Paris","Phyto-Teint Nude","#DEC3B0",0.780392156862745,"VANILLA"
"742","Sisley-Paris","Phyto-Teint Nude","#EADBC6",0.847058823529412,"PORCELAINE"
"743","Sisley-Paris","Phyto-Teint Nude","#D7BEAA",0.754901960784314,"IVORY"
"744","Sisley-Paris","Phyto-Teint Nude","#B39478",0.586274509803921,"TOFFEE"
"853","Nars","Light Reflecting Foundation","#F9E5C5",0.874509803921569,"SIBERIA"
"854","Nars","Light Reflecting Foundation","#FEE1D2",0.909803921568627,"OSLO"
"855","Nars","Light Reflecting Foundation","#FAD8BA",0.854901960784314,"MONT BLANC"
"856","Nars","Light Reflecting Foundation","#FCD8BB",0.86078431372549,"YUKON"
"857","Nars","Light Reflecting Foundation","#FBDAB3",0.843137254901961,"GOBI"
"858","Nars","Light Reflecting Foundation","#FBCFA9",0.823529411764706,"SALZBURG"
"859","Nars","Light Reflecting Foundation","#FDD7A9",0.827450980392157,"DEAUVILLE"
"860","Nars","Light Reflecting Foundation","#F2CAA7",0.801960784313726,"VIENNA"
"861","Nars","Light Reflecting Foundation","#EBBC8E",0.73921568627451,"FIJI"
"862","Nars","Light Reflecting Foundation","#ECB88C",0.737254901960784,"PUNJAB"
"863","Nars","Light Reflecting Foundation","#E9B693",0.745098039215686,"PATAGONIA"
"864","Nars","Light Reflecting Foundation","#F1C5A2",0.790196078431373,"VALLAURIS"
"865","Nars","Light Reflecting Foundation","#EABB8D",0.735294117647059,"SANTA"
"866","Nars","Light Reflecting Foundation","#E7AF80",0.703921568627451,"SAHEL"
"867","Nars","Light Reflecting Foundation","#E8B47A",0.694117647058824,"STROMBOLI"
"868","Nars","Light Reflecting Foundation","#DBA674",0.656862745098039,"VANUATU"
"869","Nars","Light Reflecting Foundation","#D2A074",0.63921568627451,"BARCELONA"
"870","Nars","Light Reflecting Foundation","#DEA579",0.672549019607843,"VALENCIA"
"871","Nars","Light Reflecting Foundation","#D39E6C",0.625490196078431,"ARUBA"
"872","Nars","Light Reflecting Foundation","#D29964",0.607843137254902,"SYRACUSE"
"873","Nars","Light Reflecting Foundation","#D59A61",0.607843137254902,"TAHOE"
"874","Nars","Light Reflecting Foundation","#C98B4C",0.543137254901961,"MOOREA"
"875","Nars","Light Reflecting Foundation","#C0814E",0.529411764705882,"HUAHINE"
"876","Nars","Light Reflecting Foundation","#CA8D5D",0.57843137254902,"CADIZ"
"877","Nars","Light Reflecting Foundation","#BE7540",0.498039215686275,"CARACAS"
"878","Nars","Light Reflecting Foundation","#B36E44",0.484313725490196,"BELEM"
"879","Nars","Light Reflecting Foundation","#B8763D",0.480392156862745,"MACAO"
"880","Nars","Light Reflecting Foundation","#AC6230",0.431372549019608,"MARQUISES"
"881","Nars","Light Reflecting Foundation","#955930",0.386274509803922,"MANAUS"
"882","Nars","Light Reflecting Foundation","#97572B",0.380392156862745,"NEW CALEDONIA"
"883","Nars","Light Reflecting Foundation","#89542F",0.36078431372549,"IGUACU"
"884","Nars","Light Reflecting Foundation","#86492A",0.345098039215686,"NAMIBIA"
"885","Nars","Light Reflecting Foundation","#6D3A25",0.286274509803922,"ZAMBIE"
"886","Nars","Light Reflecting Foundation","#653521",0.262745098039216,"MALI"
"887","Nars","Light Reflecting Foundation","#5E3D2A",0.266666666666667,"ANGUILLA"
"888","Nars","Light Reflecting Foundation","#422C1F",0.190196078431373,"MAJORCA"
"1047","IT Cosmetics","CC+ Cream Matte SPF40","#FFE1CC",0.9,"FAIR"
"1048","IT Cosmetics","CC+ Cream Matte SPF40","#E6A77C",0.694117647058824,"NEUTRAL MEDIUM"
"1049","IT Cosmetics","CC+ Cream Matte SPF40","#CB8152",0.558823529411765,"RICH"
"1050","IT Cosmetics","CC+ Cream Matte SPF40","#9E4F27",0.386274509803922,"RICH HONEY"
"1051","IT Cosmetics","CC+ Cream Matte SPF40","#843D29",0.33921568627451,"DEEP"
"1052","IT Cosmetics","CC+ Cream Matte SPF40","#FBD2B2",0.841176470588235,"FAIR LIGHT"
"1053","IT Cosmetics","CC+ Cream Matte SPF40","#F0D0B2",0.819607843137255,"LIGHT"
"1054","IT Cosmetics","CC+ Cream Matte SPF40","#F0D0B2",0.819607843137255,"LIGHT MEDIUM"
"1055","IT Cosmetics","CC+ Cream Matte SPF40","#FBC9A6",0.817647058823529,"MEDIUM"
"1056","IT Cosmetics","CC+ Cream Matte SPF40","#EAB68E",0.737254901960784,"MEDIUM TAN"
"1057","IT Cosmetics","CC+ Cream Matte SPF40","#E6A77C",0.694117647058824,"NEUTRAL TAN"
"1058","IT Cosmetics","CC+ Cream Matte SPF40","#E6AA88",0.717647058823529,"TAN"
"1059","IT Cosmetics","CC+ Cream Matte SPF40","#F6E6D1",0.892156862745098,"FAIR BEIGE"
"1060","IT Cosmetics","CC+ Cream Matte SPF40","#F9F0E3",0.933333333333333,"FAIR IVORY"
"1061","IT Cosmetics","CC+ Cream Original SPF50+","#FBD2B2",0.841176470588235,"FAIR LIGHT"
"1062","IT Cosmetics","CC+ Cream Original SPF50+","#FBD2B2",0.841176470588235,"LIGHT"
"1063","IT Cosmetics","CC+ Cream Original SPF50+","#F0D0B2",0.819607843137255,"LIGHT MEDIUM"
"1064","IT Cosmetics","CC+ Cream Original SPF50+","#f3c7a0",0.790196078431373,"MEDIUM"
"1065","IT Cosmetics","CC+ Cream Original SPF50+","#E6A77C",0.694117647058824,"NEUTRAL MEDIUM"
"1066","IT Cosmetics","CC+ Cream Original SPF50+","#E6A77C",0.694117647058824,"MEDIUM TAN"
"1067","IT Cosmetics","CC+ Cream Original SPF50+","#DF9F6F",0.654901960784314,"NEUTRAL TAN"
"1068","IT Cosmetics","CC+ Cream Original SPF50+","#E6AA88",0.717647058823529,"TAN"
"1069","IT Cosmetics","CC+ Cream Original SPF50+","#CB8152",0.558823529411765,"RICH"
"1070","IT Cosmetics","CC+ Cream Original SPF50+","#9E4F27",0.386274509803922,"RICH HONEY"
"1071","IT Cosmetics","CC+ Cream Original SPF50+","#F6E6D1",0.892156862745098,"FAIR BEIGE"
"1072","IT Cosmetics","CC+ Cream Original SPF50+","#F9F0E3",0.933333333333333,"FAIR IVORY"
"1073","IT Cosmetics","CC+ Cream Original SPF50+","#F8EADF",0.923529411764706,"FAIR PORCELAIN"
"1074","IT Cosmetics","CC+ Cream Original SPF50+","#D98942",0.554901960784314,"TAN RICH"
"1075","IT Cosmetics","CC+ Cream Original SPF50+","#E3A864",0.641176470588235,"TAN WARM"
"1076","IT Cosmetics","CC+ Cream Original SPF50+","#9C4D2C",0.392156862745098,"DEEP"
"1077","IT Cosmetics","CC+ Cream Original SPF50+","#6D3828",0.292156862745098,"DEEP BRONZE"
"1078","IT Cosmetics","CC+ Cream Original SPF50+","#87553C",0.382352941176471,"DEEP HONEY"
"1079","IT Cosmetics","CC+ Cream Original SPF50+","#57301F",0.231372549019608,"DEEP MOCHA"
"1080","IT Cosmetics","CC+ Cream Original SPF50+","#78472E",0.325490196078431,"NEUTRAL DEEP"
"1081","IT Cosmetics","CC+ Cream Original SPF50+","#9B5C33",0.403921568627451,"NEUTRAL RICH"
"1082","IT Cosmetics","CC+ Cream Original SPF50+","#FFE1CC",0.9,"FAIR"
"1083","IT Cosmetics","CC+ Cream Illumination SPF50+","#CB8152",0.558823529411765,"RICH"
"1084","IT Cosmetics","CC+ Cream Illumination SPF50+","#9E4F27",0.386274509803922,"RICH HONEY"
"1085","IT Cosmetics","CC+ Cream Illumination SPF50+","#843D29",0.33921568627451,"DEEP"
"1086","IT Cosmetics","CC+ Cream Illumination SPF50+","#FFE1CC",0.9,"FAIR"
"1087","IT Cosmetics","CC+ Cream Illumination SPF50+","#FBD2B2",0.841176470588235,"LIGHT"
"1088","IT Cosmetics","CC+ Cream Illumination SPF50+","#F0D0B2",0.819607843137255,"LIGHT MEDIUM"
"1089","IT Cosmetics","CC+ Cream Illumination SPF50+","#FBC9A6",0.817647058823529,"MEDIUM"
"1090","IT Cosmetics","CC+ Cream Illumination SPF50+","#E6AA88",0.717647058823529,"TAN"
"1091","IT Cosmetics","Your Skin But Better Foundation and Skincare","#D89E79",0.66078431372549,"MEDIUM COOL"
"1092","IT Cosmetics","Your Skin But Better Foundation and Skincare","#CE986C",0.615686274509804,"TAN COOL"
"1093","IT Cosmetics","Your Skin But Better Foundation and Skincare","#CF966A",0.613725490196078,"TAN WARM"
"1094","IT Cosmetics","Your Skin But Better Foundation and Skincare","#B98146",0.5,"TAN NEUTRAL"
"1095","IT Cosmetics","Your Skin But Better Foundation and Skincare","#B48050",0.509803921568627,"TAN WARM"
"1096","IT Cosmetics","Your Skin But Better Foundation and Skincare","#B48050",0.509803921568627,"TAN WARM"
"1097","IT Cosmetics","Your Skin But Better Foundation and Skincare","#A7724F",0.482352941176471,"RICH COOL"
"1098","IT Cosmetics","Your Skin But Better Foundation and Skincare","#9D6033",0.407843137254902,"RICH WARM"
"1099","IT Cosmetics","Your Skin But Better Foundation and Skincare","#73411C",0.280392156862745,"DEEP WARM"
"1100","IT Cosmetics","Your Skin But Better Foundation and Skincare","#92532A",0.368627450980392,"RICH WARM"
"1101","IT Cosmetics","Your Skin But Better Foundation and Skincare","#996243",0.431372549019608,"RICH NEUTRAL"
"1102","IT Cosmetics","Your Skin But Better Foundation and Skincare","#7A4A34",0.341176470588235,"DEEP NEUTRAL"
"1103","IT Cosmetics","Your Skin But Better Foundation and Skincare","#5A311D",0.233333333333333,"DEEP COOL"
"1104","IT Cosmetics","Your Skin But Better Foundation and Skincare","#D3A38F",0.694117647058824,"LIGHT NEUTRAL"
"1105","IT Cosmetics","Your Skin But Better Foundation and Skincare","#D5A06D",0.631372549019608,"MEDIUM WARM"
"1106","IT Cosmetics","Your Skin But Better Foundation and Skincare","#D89E79",0.66078431372549,"MEDIUM COOL"
"1107","IT Cosmetics","Your Skin But Better Foundation and Skincare","#B98146",0.5,"TAN NEUTRAL"
"1108","IT Cosmetics","Your Skin But Better Foundation and Skincare","#B48050",0.509803921568627,"TAN WARM"
"1109","IT Cosmetics","Your Skin But Better Foundation and Skincare","#996243",0.431372549019608,"RICH NEUTRAL"
"1110","IT Cosmetics","Your Skin But Better Foundation and Skincare","#9D6033",0.407843137254902,"RICH WARM"
"1111","IT Cosmetics","Your Skin But Better Foundation and Skincare","#A7724F",0.482352941176471,"RICH COOL"
"1112","IT Cosmetics","Your Skin But Better Foundation and Skincare","#7A4A34",0.341176470588235,"DEEP NEUTRAL"
"1113","IT Cosmetics","Your Skin But Better Foundation and Skincare","#7A4A34",0.341176470588235,"DEEP COOL"
"1114","IT Cosmetics","Your Skin But Better Foundation and Skincare","#5A311D",0.233333333333333,"DEEP COOL"
"1115","IT Cosmetics","Your Skin But Better Foundation and Skincare","#5C2E17",0.225490196078431,"DEEP COOL"
"1116","IT Cosmetics","Your Skin But Better Foundation and Skincare","#D7AA90",0.703921568627451,"FAIR WARM"
"1117","IT Cosmetics","Your Skin But Better Foundation and Skincare","#D7AA90",0.703921568627451,"FAIR WARM"
"1118","IT Cosmetics","Your Skin But Better Foundation and Skincare","#F0C9A6",0.796078431372549,"FAIR NEUTRAL"
"1119","IT Cosmetics","Your Skin But Better Foundation and Skincare","#F3B28C",0.750980392156863,"LIGHT COOL"
"1120","IT Cosmetics","Your Skin But Better Foundation and Skincare","#EBBB89",0.729411764705882,"LIGHT WARM"
"1121","IT Cosmetics","Your Skin But Better Foundation and Skincare","#E8BF99",0.754901960784314,"LIGHT NEUTRAL"
"1122","IT Cosmetics","Your Skin But Better Foundation and Skincare","#EBBB89",0.729411764705882,"LIGHT WARM"
"1123","IT Cosmetics","Your Skin But Better Foundation and Skincare","#E1B694",0.731372549019608,"MEDIUM COOL"
"1124","IT Cosmetics","Your Skin But Better Foundation and Skincare","#D3AB87",0.67843137254902,"MEDIUM NEUTRAL"
"1125","IT Cosmetics","Your Skin But Better Foundation and Skincare","#D5A06D",0.631372549019608,"MEDIUM WARM"
"1126","IT Cosmetics","Your Skin But Better Foundation and Skincare","#DAA681",0.680392156862745,"MEDIUM NEUTRAL"
"1127","IT Cosmetics","Your Skin But Better Foundation and Skincare","#F0C9A6",0.796078431372549,"FAIR NEUTRAL"
"1128","IT Cosmetics","Your Skin But Better Foundation and Skincare","#E8BF99",0.754901960784314,"LIGHT NEUTRAL"
"1129","IT Cosmetics","Your Skin But Better Foundation and Skincare","#F3D0A9",0.807843137254902,"LIGHT WARM"
"1130","IT Cosmetics","Your Skin But Better Foundation and Skincare","#D3AB87",0.67843137254902,"MEDIUM NEUTRAL"
"1137","Chantecaille","Future Skin Cushion Foundation","#DFC6A8",0.766666666666667,"AURA"
"1138","Chantecaille","Future Skin Cushion Foundation","#DBC0A6",0.754901960784314,"ALABASTER"
"1139","Chantecaille","Future Skin Cushion Foundation","#CDA888",0.668627450980392,"VANILLA"
"1140","Chantecaille","Future Skin Cushion Foundation","#C5A27B",0.627450980392157,"NUDE"
"1141","Chantecaille","Future Skin Cushion Foundation","#C19D72",0.601960784313725,"WHEAT"
"1142","Chantecaille","Future Skin Cushion Foundation","#98714B",0.445098039215686,"AGAVE"
"1143","Chantecaille","Future Skin Cushion Foundation","#90694C",0.431372549019608,"MAHOGANY"
"1144","Chantecaille","Future Skin Cushion Foundation","#523A2E",0.250980392156863,"ESPRESSO"
"1219","Chantecaille","Future Skin Foundation","#EFD4B9",0.831372549019608,"AURA"
"1220","Chantecaille","Future Skin Foundation","#FCEBDA",0.92156862745098,"PORCELAIN"
"1221","Chantecaille","Future Skin Foundation","#FDE6CC",0.896078431372549,"ALABASTER"
"1222","Chantecaille","Future Skin Foundation","#F5DBBD",0.850980392156863,"IVORY"
"1223","Chantecaille","Future Skin Foundation","#FAE3C2",0.870588235294118,"CAMOMILE"
"1224","Chantecaille","Future Skin Foundation","#F3D4BA",0.841176470588235,"VANILLA"
"1225","Chantecaille","Future Skin Foundation","#EBBF9E",0.770588235294118,"NUDE"
"1226","Chantecaille","Future Skin Foundation","#EECAA3",0.786274509803922,"CREAM"
"1227","Chantecaille","Future Skin Foundation","#E6BD97",0.747058823529412,"SHEA"
"1228","Chantecaille","Future Skin Foundation","#CD9963",0.596078431372549,"HAZEL"
"1229","Chantecaille","Future Skin Foundation","#E3B891",0.729411764705882,"SAND"
"1230","Chantecaille","Future Skin Foundation","#DCA880",0.682352941176471,"WHEAT"
"1231","Chantecaille","Future Skin Foundation","#D1916B",0.619607843137255,"BANANA"
"1232","Chantecaille","Future Skin Foundation","#D49E7A",0.654901960784314,"SUNTAN"
"1233","Chantecaille","Future Skin Foundation","#8E6049",0.42156862745098,"CAROB"
"1369","Sisley-Paris","Sisleÿa Le Teint","#DEC3A8",0.764705882352941,"VANILLA"
"1370","Sisley-Paris","Sisleÿa Le Teint","#DEC5A6",0.76078431372549,"PORCELAINE"
"1371","Sisley-Paris","Sisleÿa Le Teint","#D5B493",0.705882352941176,"IVORY"
"1372","Sisley-Paris","Sisleÿa Le Teint","#D7B399",0.72156862745098,"ORGANZA"
"1373","Sisley-Paris","Sisleÿa Le Teint","#D6BC99",0.719607843137255,"LINEN"
"1374","Sisley-Paris","Sisleÿa Le Teint","#D4B28D",0.692156862745098,"PEACH"
"1375","Sisley-Paris","Sisleÿa Le Teint","#D3B591",0.698039215686274,"ALMOND"
"1376","Sisley-Paris","Sisleÿa Le Teint","#C5A576",0.61764705882353,"CHESTNUT"
"1377","Sisley-Paris","Sisleÿa Le Teint","#EFD1AB",0.803921568627451,"SHELL"
"1378","Sisley-Paris","Sisleÿa Le Teint","#EECFB3",0.817647058823529,"SWAN"
"1379","Sisley-Paris","Sisleÿa Le Teint","#EED0AE",0.807843137254902,"ECRU"
"1380","Sisley-Paris","Sisleÿa Le Teint","#DDCCBC",0.801960784313726,"SNOW"
"1381","Sisley-Paris","Sisleÿa Le Teint","#DEBBA5",0.758823529411765,"PETAL"
"1382","Sisley-Paris","Sisleÿa Le Teint","#D8BEA5",0.747058823529412,"IVORY BEIGE"
"1383","Sisley-Paris","Sisleÿa Le Teint","#BF9877",0.607843137254902,"GOLDEN"
"1384","Sisley-Paris","Sisleÿa Le Teint","#C09270",0.596078431372549,"AMBER"
"1385","Sisley-Paris","Sisleÿa Le Teint","#83604D",0.407843137254902,"CARAMEL"
"1386","Sisley-Paris","Sisleÿa Le Teint","#654D41",0.325490196078431,"CAPPUCCINO"
"1387","Sisley-Paris","Sisleÿa Le Teint","#E6AB86",0.713725490196078,"PINKY PEACH"
"1388","Sisley-Paris","Sisleÿa Le Teint","#CD896D",0.615686274509804,"SPICE"
"1389","Nars","Sheer Glow Foundation","#F5E6D3",0.894117647058823,"DEAUVILLE"
"1390","Nars","Sheer Glow Foundation","#DAC9AB",0.762745098039216,"PUNJAB"
"1391","Nars","Sheer Glow Foundation","#EAD8C5",0.845098039215686,"FIJI"
"1392","Nars","Sheer Glow Foundation","#E8D7BB",0.82156862745098,"SANTA"
"1393","Nars","Sheer Glow Foundation","#EAD4B4",0.811764705882353,"BARCELONA"
"1394","Nars","Sheer Glow Foundation","#D2C096",0.705882352941176,"STROMBOLI"
"1395","Nars","Sheer Glow Foundation","#D9C19E",0.735294117647059,"SYRACUSE"
"1396","Nars","Sheer Glow Foundation","#D1BA92",0.696078431372549,"TAHOE"
"1397","Nars","Sheer Glow Foundation","#D9AE77",0.658823529411765,"CADIZ"
"1398","Nars","Sheer Glow Foundation","#CD9D65",0.6,"MACAO"
"1399","Nars","Sheer Glow Foundation","#F5C8AB",0.815686274509804,"YUKON"
"1400","Nars","Sheer Glow Foundation","#EFC49A",0.770588235294118,"SALZBURG"
"1401","Nars","Sheer Glow Foundation","#EFC39E",0.77843137254902,"VIENNA"
"1402","Nars","Sheer Glow Foundation","#E3B591",0.729411764705882,"PATAGONIA"
"1403","Nars","Sheer Glow Foundation","#DDA77B",0.674509803921569,"SAHEL"
"1404","Nars","Sheer Glow Foundation","#D6AA7D",0.664705882352941,"VANUATU"
"1405","Nars","Sheer Glow Foundation","#D3A478",0.649019607843137,"VALENCIA"
"1406","Nars","Sheer Glow Foundation","#CF9563",0.6,"ARUBA"
"1407","Nars","Sheer Glow Foundation","#C68A4F",0.543137254901961,"MOOREA"
"1408","Nars","Sheer Glow Foundation","#CA9263",0.590196078431373,"HUAHINE"
"1409","Nars","Sheer Glow Foundation","#C37C48",0.523529411764706,"CARACAS"
"1410","Nars","Sheer Glow Foundation","#AD6E43",0.470588235294118,"BELEM"
"1411","Nars","Sheer Glow Foundation","#9E6230",0.403921568627451,"MARQUISES"
"1412","Nars","Sheer Glow Foundation","#945B2E",0.380392156862745,"NEW CALDONIA"
"1413","Nars","Sheer Glow Foundation","#835130",0.350980392156863,"IGUACU"
"1414","Nars","Sheer Glow Foundation","#8B512F",0.364705882352941,"NAMBIA"
"1415","Nars","Sheer Glow Foundation","#7D512C",0.331372549019608,"ZAMBIE"
"1416","Nars","Sheer Glow Foundation","#6B3A1C",0.264705882352941,"MALI"
"1417","Nars","Sheer Glow Foundation","#E7DFCA",0.849019607843137,"SIBERIA"
"1418","Nars","Sheer Glow Foundation","#F1E1C9",0.866666666666667,"MONT BLANC"
"1419","Nars","Sheer Glow Foundation","#F0E0C7",0.86078431372549,"GOBI"
"1420","Nars","Sheer Glow Foundation","#E0AB83",0.696078431372549,"VALLAURIS"
"1421","Nars","Sheer Glow Foundation","#F3CFB9",0.83921568627451,"OSLO"
"1422","Nars","Sheer Glow Foundation","#8E542C",0.364705882352941,"MANAUS"
"1423","Laura Mercier","Flawless Lumière Radiance-Perfecting Foundation","#EABD92",0.745098039215686,"CAMEO"
"1424","Laura Mercier","Flawless Lumière Radiance-Perfecting Foundation","#EBC28E",0.73921568627451,"SHELL"
"1425","Laura Mercier","Flawless Lumière Radiance-Perfecting Foundation","#ECC894",0.752941176470588,"CREME"
"1426","Laura Mercier","Flawless Lumière Radiance-Perfecting Foundation","#F2C896",0.768627450980392,"VANILLE"
"1427","Laura Mercier","Flawless Lumière Radiance-Perfecting Foundation","#E9BF89",0.725490196078431,"IVORY"
"1428","Laura Mercier","Flawless Lumière Radiance-Perfecting Foundation","#E8BD90",0.737254901960784,"ECRU"
"1429","Laura Mercier","Flawless Lumière Radiance-Perfecting Foundation","#E6C192",0.737254901960784,"CASHEW"
"1430","Laura Mercier","Flawless Lumière Radiance-Perfecting Foundation","#E9C190",0.73921568627451,"BEIGE"
"1431","Laura Mercier","Flawless Lumière Radiance-Perfecting Foundation","#D8A16B",0.633333333333333,"LINEN"
"1432","Laura Mercier","Flawless Lumière Radiance-Perfecting Foundation","#E6C290",0.733333333333333,"MACADAMIA"
"1433","Laura Mercier","Flawless Lumière Radiance-Perfecting Foundation","#DA9D67",0.629411764705882,"BISQUE"
"1434","Laura Mercier","Flawless Lumière Radiance-Perfecting Foundation","#EEC399",0.766666666666667,"BUTTERSCOTCH"
"1435","Laura Mercier","Flawless Lumière Radiance-Perfecting Foundation","#D9A370",0.645098039215686,"DUNE"
"1436","Laura Mercier","Flawless Lumière Radiance-Perfecting Foundation","#D5AC7E",0.664705882352941,"BUFF"
"1437","Laura Mercier","Flawless Lumière Radiance-Perfecting Foundation","#E1B784",0.7,"LATTE"
"1438","Laura Mercier","Flawless Lumière Radiance-Perfecting Foundation","#D8AB81",0.676470588235294,"HONEY"
"1439","Laura Mercier","Flawless Lumière Radiance-Perfecting Foundation","#E9BE89",0.725490196078431,"DUSK"
"1440","Laura Mercier","Flawless Lumière Radiance-Perfecting Foundation","#D09B59",0.58235294117647,"GOLDEN"
"1441","Laura Mercier","Flawless Lumière Radiance-Perfecting Foundation","#D19961",0.6,"SUNTAN"
"1442","Laura Mercier","Flawless Lumière Radiance-Perfecting Foundation","#D0955D",0.590196078431373,"MAPLE"
"1443","Laura Mercier","Flawless Lumière Radiance-Perfecting Foundation","#C29868",0.584313725490196,"TAWNY"
"1444","Laura Mercier","Flawless Lumière Radiance-Perfecting Foundation","#D79E66",0.62156862745098,"CHAI"
"1445","Laura Mercier","Flawless Lumière Radiance-Perfecting Foundation","#B3743F",0.474509803921569,"PECAN"
"1446","Laura Mercier","Flawless Lumière Radiance-Perfecting Foundation","#B57744",0.488235294117647,"HAZELNUT"
"1447","Laura Mercier","Flawless Lumière Radiance-Perfecting Foundation","#7A4A33",0.33921568627451,"TRUFFLE"
"1448","Laura Mercier","Flawless Lumière Radiance-Perfecting Foundation","#9B6235",0.407843137254902,"GANACHE"
"1449","Laura Mercier","Flawless Lumière Radiance-Perfecting Foundation","#C08354",0.541176470588235,"PRALINE"
"1450","Laura Mercier","Flawless Lumière Radiance-Perfecting Foundation","#B27045",0.484313725490196,"NUTMEG"
"1451","Laura Mercier","Flawless Lumière Radiance-Perfecting Foundation","#BB824B",0.513725490196078,"AMBER"
"1452","Laura Mercier","Flawless Lumière Radiance-Perfecting Foundation","#9B7D6C",0.515686274509804,"ALABASTER"
"1453","Laura Mercier","Flawless Lumière Radiance-Perfecting Foundation","#D4BAA0",0.729411764705882,"CREAM IVORY"
"1469","Hourglass","Vanish Seamless Finish Foundation Stick","#E9BFA6",0.782352941176471,"BLANC"
"1470","Hourglass","Vanish Seamless Finish Foundation Stick","#DDAE9A",0.735294117647059,"CREAM"
"1471","Hourglass","Vanish Seamless Finish Foundation Stick","#E3B091",0.729411764705882,"ALABASTER"
"1472","Hourglass","Vanish Seamless Finish Foundation Stick","#D5AA80",0.668627450980392,"PORCELAIN"
"1473","Hourglass","Vanish Seamless Finish Foundation Stick","#D8A276",0.654901960784314,"BISQUE"
"1474","Hourglass","Vanish Seamless Finish Foundation Stick","#DDA073",0.658823529411765,"LINEN"
"1475","Hourglass","Vanish Seamless Finish Foundation Stick","#D5A48F",0.698039215686274,"VANILLA"
"1476","Hourglass","Vanish Seamless Finish Foundation Stick","#C28F70",0.6,"SHELL"
"1477","Hourglass","Vanish Seamless Finish Foundation Stick","#CF956B",0.615686274509804,"NATURAL"
"1478","Hourglass","Vanish Seamless Finish Foundation Stick","#C48D6A",0.592156862745098,"BUFF"
"1479","Hourglass","Vanish Seamless Finish Foundation Stick","#B98669",0.568627450980392,"IVORY"
"1480","Hourglass","Vanish Seamless Finish Foundation Stick","#B68658",0.529411764705882,"WARM IVORY"
"1481","Hourglass","Vanish Seamless Finish Foundation Stick","#AF7955",0.509803921568627,"NUDE"
"1482","Hourglass","Vanish Seamless Finish Foundation Stick","#A8774C",0.47843137254902,"SAND"
"1483","Hourglass","Vanish Seamless Finish Foundation Stick","#B07740",0.470588235294118,"GOLDEN"
"1484","Hourglass","Vanish Seamless Finish Foundation Stick","#AA753F",0.456862745098039,"GOLDEN NATURAL"
"1485","Hourglass","Vanish Seamless Finish Foundation Stick","#AF775A",0.519607843137255,"LIGHT BEIGE"
"1486","Hourglass","Vanish Seamless Finish Foundation Stick","#9B6A3F",0.427450980392157,"BEIGE"
"1487","Hourglass","Vanish Seamless Finish Foundation Stick","#986341",0.425490196078431,"WARM BEIGE"
"1488","Hourglass","Vanish Seamless Finish Foundation Stick","#A66C47",0.464705882352941,"GOLDEN TAN"
"1489","Hourglass","Vanish Seamless Finish Foundation Stick","#A7643D",0.447058823529412,"HONEY"
"1490","Hourglass","Vanish Seamless Finish Foundation Stick","#A96D39",0.443137254901961,"WARM HONEY"
"1491","Hourglass","Vanish Seamless Finish Foundation Stick","#9D5A30",0.401960784313726,"AMBER"
"1492","Hourglass","Vanish Seamless Finish Foundation Stick","#83533C",0.374509803921569,"GOLDEN AMBER"
"1493","Hourglass","Vanish Seamless Finish Foundation Stick","#78471F",0.296078431372549,"NATURAL AMBER"
"1494","Hourglass","Vanish Seamless Finish Foundation Stick","#613319",0.23921568627451,"GOLDEN ALMOND"
"1495","Hourglass","Vanish Seamless Finish Foundation Stick","#5A3324",0.247058823529412,"ALMOND"
"1496","Hourglass","Vanish Seamless Finish Foundation Stick","#5C341A",0.231372549019608,"SABLE"
"1497","Hourglass","Vanish Seamless Finish Foundation Stick","#532620",0.225490196078431,"WALNUT"
"1498","Hourglass","Vanish Seamless Finish Foundation Stick","#3C2015",0.158823529411765,"CHESTNUT"
"1499","Hourglass","Vanish Seamless Finish Foundation Stick","#2F1D13",0.129411764705882,"ESPRESSO"
"1500","Hourglass","Vanish Seamless Finish Foundation Stick","#7A3E22",0.305882352941176,"WARM ALMOND"
"1501","Nars","Natural Radiant Longwear Foundation","#EDC9B3",0.815686274509804,"OSLO"
"1502","Nars","Natural Radiant Longwear Foundation","#FBCAA9",0.823529411764706,"MONT BLANC"
"1503","Nars","Natural Radiant Longwear Foundation","#EDC3AA",0.798039215686275,"YUKON"
"1504","Nars","Natural Radiant Longwear Foundation","#EEC398",0.764705882352941,"SALZBURG"
"1505","Nars","Natural Radiant Longwear Foundation","#F3BF97",0.772549019607843,"DEAUVILLE"
"1506","Nars","Natural Radiant Longwear Foundation","#EAC29F",0.770588235294118,"VIENNA"
"1507","Nars","Natural Radiant Longwear Foundation","#EFBB89",0.737254901960784,"FIJI"
"1508","Nars","Natural Radiant Longwear Foundation","#EDAF7C",0.707843137254902,"PUNJAB"
"1509","Nars","Natural Radiant Longwear Foundation","#E3BB97",0.741176470588235,"PATAGONIA"
"1510","Nars","Natural Radiant Longwear Foundation","#ECB388",0.729411764705882,"VALLAURIS"
"1511","Nars","Natural Radiant Longwear Foundation","#E9AC80",0.707843137254902,"SANTA"
"1512","Nars","Natural Radiant Longwear Foundation","#E6B78B",0.723529411764706,"SAHEL"
"1513","Nars","Natural Radiant Longwear Foundation","#E0AD74",0.666666666666667,"STROMBOLI"
"1514","Nars","Natural Radiant Longwear Foundation","#D6AB7E",0.666666666666667,"VANUATU"
"1515","Nars","Natural Radiant Longwear Foundation","#E8B28C",0.729411764705882,"BARCELONA"
"1516","Nars","Natural Radiant Longwear Foundation","#D6A46F",0.637254901960784,"VALENCIA"
"1517","Nars","Natural Radiant Longwear Foundation","#CCA57E",0.647058823529412,"ARUBA"
"1518","Nars","Natural Radiant Longwear Foundation","#CB8756",0.566666666666667,"SYRACUSE"
"1519","Nars","Natural Radiant Longwear Foundation","#DF924A",0.582352941176471,"TAHOE"
"1520","Nars","Natural Radiant Longwear Foundation","#CE9A61",0.594117647058824,"MOOREA"
"1521","Nars","Natural Radiant Longwear Foundation","#D2986A",0.619607843137255,"HUAHINE"
"1522","Nars","Natural Radiant Longwear Foundation","#BD8054",0.535294117647059,"CADIZ"
"1523","Nars","Natural Radiant Longwear Foundation","#C8874F",0.547058823529412,"CARACAS"
"1524","Nars","Natural Radiant Longwear Foundation","#B5764A",0.5,"BELEM"
"1525","Nars","Natural Radiant Longwear Foundation","#A56A42",0.452941176470588,"MACAO"
"1526","Nars","Natural Radiant Longwear Foundation","#B57339",0.466666666666667,"MARQUISES"
"1527","Nars","Natural Radiant Longwear Foundation","#A76739",0.43921568627451,"MANAUS"
"1528","Nars","Natural Radiant Longwear Foundation","#9D5E2B",0.392156862745098,"NEW CALEDONIA"
"1529","Nars","Natural Radiant Longwear Foundation","#955934",0.394117647058824,"IGUACU"
"1530","Nars","Natural Radiant Longwear Foundation","#905533",0.382352941176471,"ZAMBIE"
"1531","Nars","Natural Radiant Longwear Foundation","#81461C",0.307843137254902,"MALI"
"1532","Nars","Natural Radiant Longwear Foundation","#FBD6AC",0.829411764705882,"GOBI"
"1549","Sisley-Paris","Phyto Teint Expert","#E8BC95",0.747058823529412,"PORCELAINE"
"1550","Sisley-Paris","Phyto Teint Expert","#C79364",0.586274509803922,"HONEY"
"1551","Sisley-Paris","Phyto Teint Expert","#e8bc95",0.747058823529412,"VANILLA"
"1552","Sisley-Paris","Phyto Teint Expert","#E4B893",0.735294117647059,"IVORY"
"1553","Sisley-Paris","Phyto Teint Expert","#DDB496",0.727450980392157,"SOFT BEIGE"
"1554","Sisley-Paris","Phyto Teint Expert","#D7A67D",0.666666666666667,"SAND"
"1555","Sisley-Paris","Phyto Teint Expert","#C69476",0.619607843137255,"NATURAL"
